semana_año;producto_idx;tienda_idx;precio_optimo;pedido_optimo_sem1_horizonte;demanda_promedio_sem1_horizonte;shortage_promedio_sem1_horizonte;inventario_inicial_sem1_horizonte;inventario_final_sem1_horizonte
1;0;0;32,69909046376445;0,0;1410,18;0,0;3404,0;1993,8199999998922
1;0;1;38,656140927389934;0,0;1541,835;0,0;4121,0;2579,165
1;1;0;26,632733531396674;0,0;3706,25;0,0;8666,0;4959,75
1;1;1;24,178476242428832;0,0;4560,14;0,0;10096,0;5535,86
1;2;0;42,74660897767687;0,0;1825,64;0,0;5695,0;3869,3599999999997
1;2;1;34,60461021485165;0,0;2017,32;0,0;5021,0;3003,6800000000003
1;3;0;65,77884726993777;0,0;690,8;0,0;2235,0;1544,2
1;3;1;69,57505422015205;0,0;507,75;0,0;1721,0;1213,25
1;4;0;34,81106261997156;0,0;4346,54;0,0;12503,0;8156,46
1;4;1;31,942683142693653;0,0;4083,11;0,0;9719,0;5635,889999999999
1;5;0;60,91119193150371;0,0;1055,76;0,0;3345,0;2289,24
1;5;1;62,129988738783354;0,0;979,185;0,0;3205,0;2225,815
1;6;0;83,78577904626087;0,0;1831,095;0,0;6582,0;4750,905
1;6;1;92,62227803510002;0,0;1630,66;0,0;7579,0;5948,34
1;7;0;59,35290426767189;0,0;1527,93;0,0;5240,0;3712,0699999999997
1;7;1;64,62666825415633;0,0;1652,96;0,0;5087,0;3434,04
1;8;0;41,04552971554332;0,0;2258,095;0,0;6206,0;3947,9049999999997
1;8;1;43,224169059347915;0,0;2063,165;0,0;5817,0;3753,835
1;9;0;23,285591666659954;0,0;4369,28;0,0;10813,0;6443,72
1;9;1;20,039076712880203;0,0;5976,13;0,0;13811,0;7834,87
2;0;0;37,318589578141655;4842,225000000107;1597,035;0,0;1993,8199999998922;5239,009999999999
2;0;1;37,7824685006328;0,0;1925,86;0,0;2579,165;653,3049999999998
2;1;0;26,60538834975497;9617,804999999831;3722,48;0,0;4959,75;10855,074999999835
2;1;1;24,94697295480547;14734,474999999977;5676,82;0,0;5535,86;14593,514999999985
2;2;0;43,915172937049675;0,0;3026,66;0,0;3869,3599999999997;842,7
2;2;1;38,95538440348469;0,0;1867,145;0,0;3003,6800000000003;1136,5350000000003
2;3;0;59,888850651478215;1817,115;929,71;0,0;1544,2;2431,6050000000005
2;3;1;71,34574149882943;0,0;495,04;0,0;1213,25;718,21
2;4;0;29,447103932738116;13441,099999999999;4876,62;0,0;8156,46;16720,94
2;4;1;31,288308496382086;13480,375000000002;6125,085;0,0;5635,889999999999;12991,18
2;5;0;56,803543349730305;0,0;1149,905;0,0;2289,24;1139,3349999999998
2;5;1;67,23184948083964;0,0;1094,105;0,0;2225,815;1131,71
2;6;0;83,42248088282923;0,0;1820,635;0,0;4750,905;2930,2699999999995
2;6;1;86,06785117913195;0,0;2244,075;0,0;5948,34;3704,265
2;7;0;63,20816149002447;0,0;2191,115;0,0;3712,0699999999997;1520,9549999999995
2;7;1;64,13915868919501;0,0;1356,885;0,0;3434,04;2077,1549999999997
2;8;0;38,797051956457636;8182,380000000003;3016,265;0,0;3947,9049999999997;9114,020000000002
2;8;1;40,75263250180977;0,0;2135,555;0,0;3753,835;1618,2800000000002
2;9;0;23,159970761696776;12594,09;4404,065;0,0;6443,72;14633,745
2;9;1;23,95128274689347;21591,11999999831;7289,255;0,0;7834,87;22136,734999998316
3;0;0;36,797100325773314;1270,5400000000009;1984,34;0,0;5239,009999999999;4525,21
3;0;1;38,44985589402984;6028,355;1543,215;0,0;653,3049999999998;5138,445
3;1;0;25,535478177901403;0,0;3791,235;0,0;10855,074999999835;7063,839999999835
3;1;1;24,837122994776802;0,0;5702,28;0,0;14593,514999999985;8891,234999999986
3;2;0;40,45500057182121;7447,640000000001;2614,92;0,0;842,7;5675,420000000002
3;2;1;36,06371969566284;7442,3;2542,315;0,0;1136,5350000000003;6036,52
3;3;0;66,70848599086611;0,0;978,295;0,0;2431,6050000000005;1453,3100000000004
3;3;1;76,62404156287683;0,0;442,955;0,0;718,21;275,25500000000005
3;4;0;33,25055369400537;0,0;7895,49;0,0;16720,94;8825,45
3;4;1;32,40213876251353;0,0;5032,485;0,0;12991,18;7958,695000000001
3;5;0;55,221630752469075;4346,625000000001;1650,065;0,0;1139,3349999999998;3835,8950000000004
3;5;1;57,53331451741518;3303,9249999999824;1321,235;0,0;1131,71;3114,4
3;6;0;98,35090628777726;0,0;1652,705;0,0;2930,2699999999995;1277,5649999999996
3;6;1;90,98164919171458;0,0;2439,475;0,0;3704,265;1264,79
3;7;0;65,74292575894118;5702,5;1743,83;0,0;1520,9549999999995;5479,625
3;7;1;66,37192045308379;4033,7300000000005;1596,135;0,0;2077,1549999999997;4514,75
3;8;0;42,98997761617932;0,0;3353,11;0,0;9114,020000000002;5760,910000000002
3;8;1;42,91158400604455;7916,540000000002;2669,175;0,0;1618,2800000000002;6865,645000000001
3;9;0;23,092864045664342;0,0;5871,38;0,0;14633,745;8762,365000000002
3;9;1;22,33342668894497;0,0;7529,075;0,0;22136,734999998316;14607,659999998315
4;0;0;37,638011734979564;0,0;1939,75;0,0;4525,21;2585,46
4;0;1;35,60653248121435;1645,7999999999945;2011,825;0,0;5138,445;4772,419999999997
4;1;0;28,261346194973168;0,0;3594,83;0,0;7063,839999999835;3469,0099999998347
4;1;1;22,93818199202633;0,0;4680,835;0,0;8891,234999999986;4210,4
4;2;0;41,04652029952045;0,0;1920,235;0,0;5675,420000000002;3755,184999999827
4;2;1;40,26212795579637;0,0;2354,125;0,0;6036,52;3682,3950000000004
4;3;0;70,76198176071328;0,0;746,83;0,0;1453,3100000000004;706,4800000000004
4;3;1;72,73459356676263;1814,3049999999846;598,075;0,0;275,25500000000005;1491,4849999999847
4;4;0;34,646467496307125;0,0;4350,77;0,0;8825,45;4474,68
4;4;1;29,06104837358824;0,0;4360,275;0,0;7958,695000000001;3598,420000000001
4;5;0;58,85827839248315;0,0;1293,67;0,0;3835,8950000000004;2542,2250000000004
4;5;1;57,14028741833108;0,0;1338,095;0,0;3114,4;1776,305
4;6;0;97,10045152543684;6663,424999999999;1691,77;0,0;1277,5649999999996;6249,22
4;6;1;84,99537110344734;7755,770000000001;2295,33;0,0;1264,79;6725,230000000001
4;7;0;59,78113270549803;0,0;1972,35;0,0;5479,625;3507,2749999999996
4;7;1;60,80179241299907;0,0;1436,335;0,0;4514,75;3078,415
4;8;0;41,25124127449852;0,0;3512,06;0,0;5760,910000000002;2248,85
4;8;1;40,145156736902244;0,0;2827,4;0,0;6865,645000000001;4038,2450000000013
4;9;0;23,24115562516193;0,0;4312,77;0,0;8762,365000000002;4449,595000000001
4;9;1;22,672834113328538;0,0;9532,655;0,0;14607,659999998315;5075,004999998315