semana;tienda;producto;demanda_real;inventario_disp;precio_optimo;orden_inv_opt;demanda_insatisfecha;costo_var;costo_fijo;binaria_ordenar;venta;costo_orden;costo_orden_fijo;costo_dem_ins;costo_inv
1;0;0;1997,67;3404,0;25,04175367613254;0,0;0,0;28,792;530,0;0;50025,16;0,0;0,0;0,0;4049,11
1;0;0;2547,33;1406,33;25,04175367613254;0,0;1141,0;28,792;530,0;0;35216,97;0,0;0,0;2857,26;0,0
2;0;0;2780,0;0,0;33,287139414519146;0,0;2780,0;28,792;530,0;0;0,0;0,0;0,0;9253,82;0,0
2;0;0;2732,0;0,0;33,287139414519146;0,0;2732,0;28,792;530,0;0;0,0;0,0;0,0;9094,05;0,0
3;0;0;3104,0;3412,165000000002;36,79608982768558;3412,17;0,0;28,792;530,0;1;114215,06;98243,05;530,0;0,0;887,27
3;0;0;2812,0;3720,3300000000036;36,79608982768558;3412,17;0,0;28,792;530,0;1;103470,6;98243,05;530,0;0,0;2615,26
4;0;0;2459,0;3786,600000000001;40,07964263674016;2878,27;0,0;28,792;530,0;1;98555,84;82871,15;530,0;0,0;3822,43
4;0;0;2986,0;4205,869999999998;40,07964263674016;2878,27;0,0;28,792;530,0;1;119677,81;82871,15;530,0;0,0;3512,25
1;0;1;6193,67;8666,0;28,113309661263685;0,0;0,0;20,792;530,0;0;174124,56;0,0;0,0;0,0;5140,47
1;0;1;4897,0;2472,33;28,113309661263685;0,0;2424,67;20,792;530,0;0;69505,38;0,0;0,0;6816,55;0,0
2;0;1;5398,67;778,65;38,16675284798712;778,65;4620,02;20,792;530,0;1;29718,54;16189,69;530,0;17633,12;0,0
2;0;1;4103,67;778,65;38,16675284798712;778,65;3325,02;20,792;530,0;1;29718,54;16189,69;530,0;12690,52;0,0
3;0;1;5950,0;4906,115;24,28152629112816;4906,11;1043,8850000000002;20,792;530,0;1;119127,96;102007,94;530,0;2534,71;0,0
3;0;1;5640,67;4906,115;24,28152629112816;4906,11;734,5550000000003;20,792;530,0;1;119127,96;102007,94;530,0;1783,61;0,0
4;0;1;5849,67;3746,7650000000017;41,64443148532165;3746,77;2102,9049999999984;20,792;530,0;1;156031,9;77902,74;530,0;8757,43;0,0
4;0;1;3861,33;3746,7650000000017;41,64443148532165;3746,77;114,56499999999824;20,792;530,0;1;156031,9;77902,74;530,0;477,1;0,0
1;0;2;2560,67;5695,0;39,08619368865973;0,0;0,0;31,992;530,0;0;100086,84;0,0;0,0;0,0;10027,35
1;0;2;3067,33;3134,33;39,08619368865973;0,0;0,0;31,992;530,0;0;119890,25;0,0;0,0;0,0;214,35
2;0;2;4008,67;3608,9650000001598;37,38610917378264;3541,97;399,7049999998403;31,992;530,0;1;134925,16;113314,54;530,0;1494,34;0,0
2;0;2;5615,33;3541,9650000001598;37,38610917378264;3541,97;2073,36499999984;31,992;530,0;1;132420,29;113314,54;530,0;7751,51;0,0
3;0;2;3475,67;4255,574999999998;35,516965270479915;4255,57;0,0;31,992;530,0;1;123445,25;136144,36;530,0;0,0;2495,07
3;0;2;4488,0;5035,479999999996;35,516965270479915;4255,57;0,0;31,992;530,0;1;159400,14;136144,36;530,0;0,0;1751,5
4;0;2;2918,33;3204,489999999999;52,75989684340063;2657,01;0,0;31,992;530,0;1;153970,79;85003,06;530,0;0,0;915,48
4;0;2;2712,67;2943,170000000002;52,75989684340063;2657,01;0,0;31,992;530,0;1;143120,19;85003,06;530,0;0,0;737,42
1;0;3;1388,0;2235,0;60,458687177639206;0,0;0,0;52,792;320,0;0;83916,66;0,0;0,0;0,0;4471,48
1;0;3;1692,0;847,0;60,458687177639206;0,0;845,0;52,792;320,0;0;51208,51;0,0;0,0;5108,76;0,0
2;0;3;1641,33;1702,2350000000583;57,29073641157436;1702,24;0,0;52,792;320,0;1;94033,0;89864,39;320,0;0,0;321,53
2;0;3;2229,33;1763,1400000001167;57,29073641157436;1702,24;466,1899999998832;52,792;320,0;1;101011,59;89864,39;320,0;2670,84;0,0
3;0;3;1133,33;1458,8299999999992;87,81399121864318;1458,83;0,0;52,792;320,0;1;99522,23;77014,55;320,0;0,0;1718,38
3;0;3;1293,0;1784,3299999999986;87,81399121864318;1458,83;0,0;52,792;320,0;1;113543,49;77014,55;320,0;0,0;2593,83
4;0;3;2025,67;1624,699999999998;89,67403570444394;1133,37;400,9700000000021;52,792;320,0;1;145693,41;59832,87;320,0;3595,66;0,0
4;0;3;1163,0;1133,3699999999994;89,67403570444394;1133,37;29,630000000000564;52,792;320,0;1;101633,86;59832,87;320,0;265,7;0,0
1;0;4;9096,33;12503,0;30,51659789173863;0,0;0,0;25,592;530,0;0;277589,04;0,0;0,0;0,0;8718,35
1;0;4;7168,33;3406,67;30,51659789173863;0,0;3761,66;25,592;530,0;0;103959,98;0,0;0,0;11479,31;0,0
2;0;4;6842,33;900,0;40,086147514790696;900,0;5942,33;25,592;530,0;1;36077,53;23032,8;530,0;23820,51;0,0
2;0;4;6566,33;900,0;40,086147514790696;900,0;5666,33;25,592;530,0;1;36077,53;23032,8;530,0;22714,13;0,0
3;0;4;8024,0;9164,284675000315;48,01257989601364;9164,28;0,0;25,592;530,0;1;385252,94;234532,37;530,0;0,0;2918,22
3;0;4;8740,0;10304,569350000631;48,01257989601364;9164,28;0,0;25,592;530,0;1;419629,95;234532,37;530,0;0,0;4004,05
4;0;4;3882,67;6831,984350000632;39,06278740148842;5267,42;0,0;25,592;530,0;1;151667,91;134803,68;530,0;0,0;7547,89
4;0;4;5002,0;8216,729350000633;39,06278740148842;5267,42;0,0;25,592;530,0;1;195392,06;134803,68;530,0;0,0;8227,14
1;0;5;1827,67;3345,0;38,9760736852078;0,0;0,0;44,8;530,0;0;71235,4;0,0;0,0;0,0;6797,64
1;0;5;2862,0;1517,33;38,9760736852078;0,0;1344,67;44,8;530,0;0;59139,57;0,0;0,0;5241,0;0,0
2;0;5;1424,0;0,0;58,95483461584062;0,0;1424,0;44,8;530,0;0;0,0;0,0;0,0;8395,17;0,0
2;0;5;2028,33;0,0;58,95483461584062;0,0;2028,33;44,8;530,0;0;0,0;0,0;0,0;11957,99;0,0
3;0;5;2592,67;2138,6700000000005;72,06932939849601;2138,67;453,99999999999955;44,8;530,0;1;154132,51;95812,42;530,0;3271,95;0,0
3;0;5;2300,0;2138,6700000000005;72,06932939849601;2138,67;161,32999999999947;44,8;530,0;1;154132,51;95812,42;530,0;1162,69;0,0
4;0;5;2618,67;1511,16;81,80632055433679;1511,16;1107,51;44,8;530,0;1;123622,44;67699,97;530,0;9060,13;0,0
4;0;5;1614,0;1511,16;81,80632055433679;1511,16;102,83999999999992;44,8;530,0;1;123622,44;67699,97;530,0;841,3;0,0
1;0;6;4147,33;6582,0;102,72408789926848;0,0;0,0;62,993;780,0;0;426030,69;0,0;0,0;0,0;15336,72
1;0;6;3970,0;2434,67;102,72408789926848;0,0;1535,33;62,993;780,0;0;250099,26;0,0;0,0;15771,54;0,0
2;0;6;2833,67;2820,7350000001925;85,2573392095949;2820,74;12,934999999807587;62,993;780,0;1;240488,36;177686,56;780,0;110,28;0,0
2;0;6;5083,67;2820,7350000001925;85,2573392095949;2820,74;2262,9349999998076;62,993;780,0;1;240488,36;177686,56;780,0;19293,18;0,0
3;0;6;3753,67;4008,7650000000017;103,80871247579506;4008,77;0,0;62,993;780,0;1;389663,65;252524,13;780,0;0,0;1606,92
3;0;6;4238,33;4263,860000000003;103,80871247579506;4008,77;0,0;62,993;780,0;1;439975,58;252524,13;780,0;0,0;160,82
4;0;6;3066,33;4369,660000000004;102,63878467813436;4344,13;0,0;62,993;780,0;1;314724,38;273649,78;780,0;0,0;8210,07
4;0;6;4326,33;5647,4600000000055;102,63878467813436;4344,13;0,0;62,993;780,0;1;444049,25;273649,78;780,0;0,0;8322,19
1;0;7;3154,33;5240,0;66,80589878921977;0,0;0,0;46,4925;530,0;0;210727,85;0,0;0,0;0,0;9696,8
1;0;7;2576,67;2085,67;66,80589878921977;0,0;491,0;46,4925;530,0;0;139335,06;0,0;0,0;3280,17;0,0
2;0;7;3754,0;450,0;94,08114945346436;450,0;3304,0;46,4925;530,0;1;42336,52;20921,62;530,0;31084,41;0,0
2;0;7;2502,33;450,0;94,08114945346436;450,0;2052,33;46,4925;530,0;1;42336,52;20921,62;530,0;19308,56;0,0
3;0;7;2175,33;2344,309400000157;81,69546510915953;2344,31;0,0;46,4925;530,0;1;177714,6;108992,8;530,0;0,0;785,63
3;0;7;2618,33;2513,288800000314;81,69546510915953;2344,31;105,04119999968589;46,4925;530,0;1;205324,3;108992,8;530,0;858,14;0,0
4;0;7;3220,0;3752,4250000000006;63,790848584699965;3752,43;0,0;46,4925;530,0;1;205406,53;174459,62;530,0;0,0;2475,38
4;0;7;3792,0;4284,850000000001;63,790848584699965;3752,43;0,0;46,4925;530,0;1;241894,9;174459,62;530,0;0,0;2291,38
1;0;8;3249,33;6206,0;34,498362942125155;0,0;0,0;32,3919;530,0;0;112096,57;0,0;0,0;0,0;9577,22
1;0;8;3365,0;2956,67;34,498362942125155;0,0;408,3299999999999;32,3919;530,0;0;102000,27;0,0;0,0;1408,67;0,0
2;0;8;4150,67;1899,180000000158;50,0925240885022;1899,18;2251,489999999842;32,3919;530,0;1;95134,72;61518,05;530,0;11278,28;0,0
2;0;8;3995,0;1899,180000000158;50,0925240885022;1899,18;2095,819999999842;32,3919;530,0;1;95134,72;61518,05;530,0;10498,49;0,0
3;0;8;4149,0;6621,185;34,70911352698196;6621,19;0,0;32,3919;530,0;1;144008,11;214472,76;530,0;0,0;8007,88
3;0;8;6482,0;9093,37;34,70911352698196;6621,19;0,0;32,3919;530,0;1;224984,47;214472,76;530,0;0,0;8458,72
4;0;8;5579,67;8254,170000000002;44,19596806818001;5642,8;0,0;32,3919;530,0;1;246598,92;182781,01;530,0;0,0;8663,21
4;0;8;5701,0;8317,300000000003;44,19596806818001;5642,8;0,0;32,3919;530,0;1;251961,21;182781,01;530,0;0,0;8474,69
1;0;9;5814,67;10813,0;18,765395303665606;0,0;0,0;17,592;530,0;0;109114,58;0,0;0,0;0,0;8793,06
1;0;9;6266,67;4998,33;18,765395303665606;0,0;1268,3400000000001;17,592;530,0;0;93795,64;0,0;0,0;2380,09;0,0
2;0;9;5458,67;1758,3;25,085116560534484;1758,3;3700,37;17,592;530,0;1;44107,16;30932,01;530,0;9282,42;0,0
2;0;9;5359,33;1758,3;25,085116560534484;1758,3;3601,0299999999997;17,592;530,0;1;44107,16;30932,01;530,0;9033,23;0,0
3;0;9;8144,67;6863,875000000002;23,97162260614754;6863,88;1280,7949999999983;17,592;530,0;1;164538,22;120749,29;530,0;3070,27;0,0
3;0;9;7307,0;6863,875000000002;23,97162260614754;6863,88;443,1249999999982;17,592;530,0;1;164538,22;120749,29;530,0;1062,24;0,0
4;0;9;5519,67;5621,790000000001;26,595473963776573;5621,79;0,0;17,592;530,0;1;146798,24;98898,53;530,0;0,0;179,65
4;0;9;5578,0;5723,910000000002;26,595473963776573;5621,79;0,0;17,592;530,0;1;148349,55;98898,53;530,0;0,0;256,68
1;1;0;2651,0;4121,0;25,724784578897427;0,0;0,0;28,792;530,0;0;68196,4;0,0;0,0;0,0;4232,42
1;1;0;3138,33;1470,0;25,724784578897427;0,0;1668,33;28,792;530,0;0;37815,43;0,0;0,0;4291,74;0,0
2;1;0;3067,67;0,0;35,04263072129639;0,0;3067,67;28,792;530,0;0;0,0;0,0;0,0;10749,92;0,0
2;1;0;3012,0;0,0;35,04263072129639;0,0;3012,0;28,792;530,0;0;0,0;0,0;0,0;10554,84;0,0
3;1;0;2668,0;2460,65;38,15063241749608;2460,65;207,3499999999999;28,792;530,0;1;93875,35;70847,03;530,0;791,05;0,0
3;1;0;2311,0;2460,65;38,15063241749608;2460,65;0,0;28,792;530,0;1;88166,11;70847,03;530,0;0,0;430,87
4;1;0;2295,0;2706,8149999999996;42,652166900826224;2557,16;0,0;28,792;530,0;1;97886,72;73625,89;530,0;0,0;1185,7
4;1;0;2632,0;2968,979999999999;42,652166900826224;2557,16;0,0;28,792;530,0;1;112260,5;73625,89;530,0;0,0;970,23
1;1;1;6237,0;10096,0;30,41306472660877;0,0;0,0;20,792;530,0;0;189686,28;0,0;0,0;0,0;8023,63
1;1;1;4639,33;3859,0;30,41306472660877;0,0;780,3299999999999;20,792;530,0;0;117364,02;0,0;0,0;2373,22;0,0
2;1;1;7225,0;929,5950000003048;39,98569945411808;929,6;6295,404999999695;20,792;530,0;1;37170,51;19328,14;530,0;25172,62;0,0
2;1;1;5507,33;929,5950000003048;39,98569945411808;929,6;4577,734999999695;20,792;530,0;1;37170,51;19328,14;530,0;18304,39;0,0
3;1;1;8419,67;7549,335;23,725751562199004;7549,34;870,335;20,792;530,0;1;179113,65;156965,77;530,0;2064,94;0,0
3;1;1;7780,67;7549,335;23,725751562199004;7549,34;231,33500000000004;20,792;530,0;1;179113,65;156965,77;530,0;548,86;0,0
4;1;1;5997,0;4762,410000000001;38,290453743553456;4762,41;1234,5899999999992;20,792;530,0;1;182354,84;99020,03;530,0;4727,3;0,0
4;1;1;4317,33;4762,410000000001;38,290453743553456;4762,41;0,0;20,792;530,0;1;165312,52;99020,03;530,0;0,0;925,41
1;1;2;2394,67;5021,0;42,66950211988542;0,0;0,0;31,992;530,0;0;102179,38;0,0;0,0;0,0;8402,15
1;1;2;2667,33;2626,33;42,66950211988542;0,0;41,0;31,992;530,0;0;112064,19;0,0;0,0;174,94;0,0
2;1;2;1977,0;645,15;39,88987587766719;645,15;1331,85;31,992;530,0;1;25734,95;20639,64;530,0;5312,73;0,0
2;1;2;2800,33;645,15;39,88987587766719;645,15;2155,18;31,992;530,0;1;25734,95;20639,64;530,0;8596,99;0,0
3;1;2;2979,33;3731,185;39,18601808313896;3731,18;0,0;31,992;530,0;1;116748,08;119368,07;530,0;0,0;2405,33
3;1;2;3591,33;4483,04;39,18601808313896;3731,18;0,0;31,992;530,0;1;140729,92;119368,07;530,0;0,0;2852,76
4;1;2;3088,67;4034,8850000000007;50,13647008921023;3143,18;0,0;31,992;530,0;1;154855,01;100556,45;530,0;0,0;3027,13
4;1;2;3140,0;4089,3900000000012;50,13647008921023;3143,18;0,0;31,992;530,0;1;157428,52;100556,45;530,0;0,0;3037,29
1;1;3;1123,33;1721,0;63,9191339579534;0,0;0,0;52,792;320,0;0;71802,28;0,0;0,0;0,0;3155,22
1;1;3;1232,67;597,6700000000001;63,9191339579534;0,0;635,0;52,792;320,0;0;38202,55;0,0;0,0;4058,87;0,0
2;1;3;1027,0;1067,1550000000457;56,8362591937492;1067,16;0,0;52,792;320,0;1;58370,84;56337,25;320,0;0,0;211,99
2;1;3;1433,33;1107,3100000000913;56,8362591937492;1067,16;326,0199999999086;52,792;320,0;1;62935,36;56337,25;320,0;1852,98;0,0
3;1;3;799,0;767,75;89,93921247151056;767,75;31,25;52,792;320,0;1;69050,83;40531,06;320,0;281,06;0,0
3;1;3;866,33;767,75;89,93921247151056;767,75;98,58000000000004;52,792;320,0;1;69050,83;40531,06;320,0;886,62;0,0
4;1;3;1738,33;926,905;89,11040935001935;926,9;811,425;52,792;320,0;1;82596,88;48933,17;320,0;7230,64;0,0
4;1;3;981,33;926,905;89,11040935001935;926,9;54,42500000000007;52,792;320,0;1;82596,88;48933,17;320,0;484,98;0,0
1;1;4;7927,33;9719,0;27,44092893787005;0,0;0,0;25,592;530,0;0;217533,3;0,0;0,0;0,0;4585,24
1;1;4;6175,33;1791,67;27,44092893787005;0,0;4383,66;25,592;530,0;0;49165,09;0,0;0,0;12029,17;0,0
2;1;4;8052,33;4526,630000000274;43,12078428281991;4526,63;3525,699999999726;25,592;530,0;1;195191,84;115845,51;530,0;15203,09;0,0
2;1;4;7698,0;4526,630000000274;43,12078428281991;4526,63;3171,369999999726;25,592;530,0;1;195191,84;115845,51;530,0;13675,2;0,0
3;1;4;4863,0;4626,194999999999;48,43966291724785;4626,19;236,8050000000012;25,592;530,0;1;224091,33;118393,58;530,0;1147,08;0,0
3;1;4;5134,33;4626,194999999999;48,43966291724785;4626,19;508,1350000000011;25,592;530,0;1;224091,33;118393,58;530,0;2461,39;0,0
4;1;4;3892,33;5134,385;40,56909761977872;5134,39;0,0;25,592;530,0;1;157908,32;131399,18;530,0;0,0;3178,67
4;1;4;4618,67;6376,4400000000005;40,56909761977872;5134,39;0,0;25,592;530,0;1;187375,27;131399,18;530,0;0,0;4498,48
1;1;5;1950,67;3205,0;39,05093444344091;0,0;0,0;44,8;530,0;0;76175,49;0,0;0,0;0,0;5619,4
1;1;5;3096,33;1254,33;39,05093444344091;0,0;1842,0;44,8;530,0;0;48982,76;0,0;0,0;7193,18;0,0
2;1;5;1898,33;0,0;61,20053674202676;0,0;1898,33;44,8;530,0;0;0,0;0,0;0,0;11617,88;0,0
2;1;5;2559,0;0,0;61,20053674202676;0,0;2559,0;44,8;530,0;0;0,0;0,0;0,0;15661,22;0,0
3;1;5;2504,0;2279,2900000000004;68,42543295703479;2279,29;224,70999999999958;44,8;530,0;1;155961,41;102112,19;530,0;1537,59;0,0
3;1;5;2305,67;2279,2900000000004;68,42543295703479;2279,29;26,379999999999654;44,8;530,0;1;155961,41;102112,19;530,0;180,51;0,0
4;1;5;2805,67;1843,2200000000005;78,56475947270381;1843,22;962,4499999999996;44,8;530,0;1;144812,14;82576,26;530,0;7561,47;0,0
4;1;5;1869,33;1843,2200000000005;78,56475947270381;1843,22;26,109999999999445;44,8;530,0;1;144812,14;82576,26;530,0;205,13;0,0
1;1;6;3946,0;7579,0;104,77018009634568;0,0;0,0;62,993;780,0;0;413423,13;0,0;0,0;0,0;22885,36
1;1;6;3670,0;3633,0;104,77018009634568;0,0;37,0;62,993;780,0;0;380630,06;0,0;0,0;387,65;0,0
2;1;6;3202,33;1891,4;88,11336148531197;1891,4;1310,9299999999998;62,993;780,0;1;166657,61;119144,96;780,0;11551,04;0,0
2;1;6;5840,0;1891,4;88,11336148531197;1891,4;3948,6;62,993;780,0;1;166657,61;119144,96;780,0;34792,44;0,0
3;1;6;4896,33;5831,3;102,41952878129572;5831,3;0,0;62,993;780,0;1;501479,81;367331,08;780,0;0,0;5889,66
3;1;6;5664,0;6766,27;102,41952878129572;5831,3;0,0;62,993;780,0;1;580104,21;367331,08;780,0;0,0;6943,53
4;1;6;3033,33;4972,705000000002;103,59360345316884;3870,44;0,0;62,993;780,0;1;314233,59;243810,31;780,0;0,0;12216,7
4;1;6;4147,67;5809,810000000003;103,59360345316884;3870,44;0,0;62,993;780,0;1;429672,08;243810,31;780,0;0,0;10470,32
1;1;7;4035,0;5087,0;65,60257917117413;0,0;0,0;46,4925;530,0;0;264706,41;0,0;0,0;0,0;4891,01
1;1;7;3286,67;1052,0;65,60257917117413;0,0;2234,67;46,4925;530,0;0;69013,91;0,0;0,0;14660,01;0,0
2;1;7;2166,0;0,0;94,10634014521794;0,0;2166,0;46,4925;530,0;0;0,0;0,0;0,0;20383,43;0,0
2;1;7;1461,67;0,0;94,10634014521794;0,0;1461,67;46,4925;530,0;0;0,0;0,0;0,0;13755,24;0,0
3;1;7;2030,0;2442,871375000127;78,80244611949489;2442,87;0,0;46,4925;530,0;1;159968,97;113575,2;530,0;0,0;1919,54
3;1;7;2421,33;2855,742750000254;78,80244611949489;2442,87;0,0;46,4925;530,0;1;190806,73;113575,2;530,0;0,0;2019,69
4;1;7;2438,0;3489,102750000254;61,69970603137676;3054,69;0,0;46,4925;530,0;1;150423,88;142020,17;530,0;0,0;4886,84
4;1;7;2914,33;4105,792750000254;61,69970603137676;3054,69;0,0;46,4925;530,0;1;179813,3;142020,17;530,0;0,0;5539,41
1;1;8;3420,67;5817,0;37,52944843315007;0,0;0,0;32,3919;530,0;0;128375,86;0,0;0,0;0,0;7762,17
1;1;8;3404,33;2396,33;37,52944843315007;0,0;1008,0;32,3919;530,0;0;89932,94;0,0;0,0;3782,97;0,0
2;1;8;2648,0;1142,35;47,54190142983499;1142,35;1505,65;32,3919;530,0;1;54309,49;37002,89;530,0;7158,15;0,0
2;1;8;2757,0;1142,35;47,54190142983499;1142,35;1614,65;32,3919;530,0;1;54309,49;37002,89;530,0;7676,35;0,0
3;1;8;3229,33;4488,035;38,01094591521996;4488,03;0,0;32,3919;530,0;1;122749,89;145375,98;530,0;0,0;4077,18
3;1;8;4522,0;5746,74;38,01094591521996;4488,03;0,0;32,3919;530,0;1;171885,5;145375,98;530,0;0,0;3967,17
4;1;8;4133,0;5431,97;43,87032696101042;4207,23;0,0;32,3919;530,0;1;181316,06;136280,17;530,0;0,0;4207,61
4;1;8;4078,67;5506,200000000001;43,87032696101042;4207,23;0,0;32,3919;530,0;1;178932,59;136280,17;530,0;0,0;4624,04
1;1;9;7092,33;13811,0;21,12580274215115;0,0;0,0;17,592;530,0;0;149831,16;0,0;0,0;0,0;11819,48
1;1;9;7776,33;6718,67;21,12580274215115;0,0;1057,6599999999999;17,592;530,0;0;141937,3;0,0;0,0;2234,39;0,0
2;1;9;8671,67;3525,760000000422;23,676670562406297;3525,76;5145,909999999578;17,592;530,0;1;83478,26;62025,17;530,0;12183,8;0,0
2;1;9;9346,33;3525,760000000422;23,676670562406297;3525,76;5820,569999999578;17,592;530,0;1;83478,26;62025,17;530,0;13781,17;0,0
3;1;9;9669,0;8780,225000000002;26,918773248512785;8780,23;888,7749999999978;17,592;530,0;1;236352,89;154461,72;530,0;2392,47;0,0
3;1;9;8712,67;8780,225000000002;26,918773248512785;8780,23;0,0;17,592;530,0;1;234534,39;154461,72;530,0;0,0;118,84
4;1;9;10648,0;13092,730000000007;30,16243080299678;13025,18;0,0;17,592;530,0;1;321169,56;229138,88;530,0;0,0;4300,77
4;1;9;10649,33;15469,905000000012;30,16243080299678;13025,18;0,0;17,592;530,0;1;321209,68;229138,88;530,0;0,0;8480,36
